Serial no,Country,Region,Total Area(sq Km),Population,Pop. Density (per 1sq. Km),Male per 100 female,Male Life expectency (years),Female Life expectency (years),GDP growth rate %,GDP Per Capita,HDI Tier,HDI index,HDI Growth,Gini coefficient,Unemployement rate %,Poverty percentage %,Active military personel,Paramilitary,Reserves forces,Total armed force size,Military spending,CO2 emission %,% of renewable energy in total energy consumption,
198,Vietnam,SE Asia,331212,98858950,315.411,97.6,70.12,79.42,2.6,3721,High,0.703,1.22,35.7,2.4,6.7,482000,5040000,5000000,10522000,5500000000,0.9,18.65,
131,North Korea,SE Asia,120538,26160821,217.2645,97.8,,,,654,not rated,,,,,,1280000,5889000,600000,7769000,1600000000,0.09,11.31,
167,South Korea,SE Asia,100210,51784059,530.5744,99.8,80.83,87.23,4,34940,Very High,0.925,0.74,31.4,3.9,,599000,3013500,3100000,6712500,44000000000,1.73,3.36,
78,India,SE Asia,3287590,1428627663,480.5033,106.7,70.52,73.65,8.9,2274,Medium,0.633,1.22,35.7,4.7,21.9,1455550,2526950,1155000,5137500,61000000000,6.71,32.93,
35,China,SE Asia,9706961,1425671352,151.2696,104.3,76.18,81.51,8.1,12437,High,0.768,1.5,38.5,5.2,0.6,2185000,660000,1170000,4015000,2.37E+11,32.48,14.45,
148,Russia,Eurasia,17098242,144444359,8.82,86.7,69.52,79.29,4.8,12259,Very High,0.829,0.24,37.5,5.6,12.6,1014000,554000,2000000,3568000,48000000000,4.66,3.22,
192,United States,North America,9372610,339996563,37.1686,98.2,77.27,82.23,5.7,69185,Very High,0.921,0.18,41.4,8.1,17.8,1388100,0,844950,2233050,7.50E+11,12.61,10.42,
23,Brazil,South America,8515767,216422446,25.8936,96.6,73.07,79.26,4.6,7507,High,0.754,0.69,53.4,13.7,26.5,366500,395000,1340000,2101500,27800000000,1.26,47.57,
176,Taiwan,SE Asia,36193,23923276,660.9188,98.2,,,,,,,,,,,163000,11800,1657000,1831800,10725000000,0.78,,
135,Pakistan,SE Asia,881912,240485658,311.9625,101.9,65.08,69.74,6,1480,Low,0.544,1,31.6,4.1,24.3,654000,291000,550000,1495000,11400000000,0.06,43.46,
49,Egypt,Northern Africa,1002450,112716598,113.2318,102.3,68.48,73.22,3.3,3898,High,0.731,0.79,31.5,7.8,32.5,438500,397000,479000,1314500,11200000000,0.75,5.3,
40,Cuba,Caribbean,109884,11194449,107.8463,98.6,75.97,80.73,-10.9,11255,High,0.764,0.38,,1.7,,49000,1146500,39000,1234500,500000000,0.06,21.54,
189,Ukraine,Eastern Europe,603500,36744634,63.4184,86.2,67.74,78.08,3.4,4596,High,0.773,0.19,26.6,9.5,1.1,209000,102000,900000,1211000,5400000000,0.53,7.44,
79,Indonesia,SE Asia,1904569,277534122,147.8196,101.4,68.96,73.27,3.7,4333,High,0.705,0.95,38.2,4.3,9.4,395500,280000,400000,1075500,7600000000,1.58,19.09,
80,Iran,Middle East,1648195,89172767,54.9601,102.1,74.28,79.84,1.8,17984,High,0.774,0.82,42,9.7,,610000,40000,350000,1000000,19600000000,1.92,0.98,
185,Turkey,Middle East,783562,85816199,109.5206,100.5,75.62,81.67,11,9661,Very High,0.838,1.08,41.9,13.1,14.4,355200,156800,378700,890700,19000000000,1.13,14.12,
179,Thailand,SE Asia,513120,71801279,140.5416,94.5,75.75,84.08,1.6,7067,Very High,0.8,1.07,34.9,1.1,9.9,360850,138700,200000,699550,7100000000,0.71,23.96,
83,Israel,Middle East,20770,9174520,423.9612,99.4,81.59,85.1,8.2,54111,Very High,0.919,0.5,39,4.3,16.9,169500,8000,465000,642500,20000000000,0.17,4.47,
36,Colombia,South America,1141748,52085168,46.9447,97.4,74.61,80.4,10.6,6104,High,0.752,0.68,51.3,15,35.7,293200,187900,34950,516050,10600000000,0.25,30.72,
122,Myanmar,SE Asia,676578,54577997,83.6227,99.1,64.38,70.69,-18,1089,Medium,0.585,1.83,30.7,0.5,24.8,406000,107000,0,513000,2650000000,0.1,57.85,
11,Azerbaijan,Caucaus,86600,10412651,125.991,97.4,70.67,76.39,5.6,5296,High,0.745,0.75,26.6,4.8,6,126950,15000,330000,471950,2805000000,0.09,1.62,
3,Algeria,Northern Africa,2381741,45606480,19.1484,103.8,76.05,78.67,3.8,3700,High,0.745,0.75,27.6,13.6,5.5,130000,187200,150000,467200,13000000000,0.45,0.16,
15,Belarus,Eastern Europe,207600,9498238,46.794,85.5,69.81,79.98,2.5,7121,Very High,0.808,,25.3,4.1,5,45350,110000,289500,444850,623.7,0.16,7.83,
106,Malaysia,SE Asia,330803,34308525,104.4241,104.6,74.11,78.96,3.1,11101,Very High,0.803,0.73,41.1,4.5,5.6,113000,267200,51600,431800,4000000000,0.73,5.11,
114,Mexico,North America,1964375,128455567,66.0797,95.4,71.76,78.36,4.8,10046,High,0.758,0.44,45.4,4.5,41.9,216000,111900,81500,409400,7000000000,1.13,10.34,
120,Morocco,Western Africa,446550,37840044,84.7861,101.4,73.11,77.41,7.4,3853,Medium,0.683,1.38,39.5,9.3,4.8,195800,50000,150000,395800,10000000000,0.19,10.69,
58,France,Western Europe,551695,64756584,118.2646,93.6,80.5,86.08,7,44229,Very High,0.903,0.43,32.4,8,13.6,203250,130800,41050,375100,41500000000,0.78,15.53,
64,Greece,Balkan,131990,10341277,80.2271,96,79.58,84.44,8.3,20571,Very High,0.887,0.5,32.9,16.3,17.9,142700,4000,221350,368050,4844000000,0.16,18.51,
84,Italy,Mediterannean,301336,58870762,199.078,95.1,82.15,86.13,6.6,35579,Very High,0.895,0.45,35.9,9.2,20.1,165500,175750,18300,359550,27800000000,0.83,17.27,
170,Sri Lanka,SE Asia,65610,21893579,353.9214,93,73.06,80.39,3.7,3918,High,0.782,0.67,39.3,4.3,4.1,255000,92600,5500,353100,2500000000,0.07,49.91,
197,Venezuela,South America,916445,28838499,32.6949,98,68.76,77.25,-3.9,3965,Medium,0.691,0.15,44.8,5,33.1,123000,220000,8000,351000,745000000,0.25,15.62,
141,Peru,South America,1285216,34352719,26.8381,98.1,74.69,79.26,13.3,6622,High,0.762,0.66,41.5,7.4,20.2,81000,77000,188000,346000,2560000000,0.12,27.13,
81,Iraq,Middle East,438317,45504560,104.8183,100.3,69.92,74.03,2.8,4686,Medium,0.686,0.85,29.5,13,18.9,193000,148000,0,341000,1730000000,0.53,0.43,
142,Philippines,SE Asia,342353,117337368,393.5251,103.1,70.3,74.32,5.7,3461,Medium,0.699,0.5,42.3,2.5,16.7,143100,62300,131000,336400,3470000000,0.39,26.73,
52,Eritrea,East Africa,117600,3748901,30.9722,97.3,65.17,69.4,8.7,623,Low,0.492,,,,69,201750,0,120000,321750,,0,73.67,
87,Japan,SE Asia,377930,123294513,338.2566,94.6,81.91,87.97,1.6,39650,Very High,0.925,0.29,32.9,2.8,15.7,247150,14350,56000,317500,49000000000,2.95,7.69,
161,Singapore,SE Asia,710,6014723,8377.0515,109.7,82.13,86.42,7.6,66822,Very High,0.939,0.83,,4.1,,51000,7400,252500,310900,11200000000,0.16,0.84,
1,Afghanistan,Central Asia,652230,42239854,64.7622,102.1,61.2,67.44,-2.4,373,Low,0.478,1.82,,11.7,54.5,178800,99000,0,277800,12000000000,0.03,18.51,
175,Syria,Middle East,185180,23227014,126.4881,100.4,68.82,76.27,1.5,925,Medium,0.577,0.09,,8.6,35.2,169000,100000,0,269000,1800000000,0.07,1.02,
144,Portugal,Western Europe,92090,10247605,111.8666,89.3,79.53,85.06,4.9,24651,Very High,0.866,0.68,33.5,6.8,17.2,27250,24700,211700,263650,3358000000,0.11,28.19,
8,Armenia,Caucaus,29743,2777970,97.5753,81.9,71.16,80.36,5.7,4967,High,0.759,0.47,29.9,18.3,26.4,44800,4300,210000,259100,1385000000,0.02,10.34,
57,Finland,Scandinivia,338424,5545475,18.2453,97.6,80.01,85,3.5,53703,Very High,0.94,0.47,27.3,7.8,12.2,23800,14200,216000,254000,3570000000,0.11,45.76,
156,Saudi Arabia,Middle East,2149690,36947025,17.1871,136.8,76.87,79.73,3.2,23186,Very High,0.875,0.83,,7.4,,227000,24500,0,251500,67600000000,1.64,0.03,
191,United Kingdom,Northern Europe,242900,67736802,279.9851,97.6,80.61,83.97,7.4,46542,Very High,0.929,,35.1,3.7,18.6,148500,0,78600,227100,55100000000,0.87,12.24,
13,Bangladesh,SE Asia,147570,172954319,1328.6803,98.4,71.78,76.31,6.9,2450,Medium,0.661,1.66,32.4,4.4,24.3,163050,63900,0,226950,3800000000,0.03,24.75,
130,Nigeria,Western Africa,923768,223804632,245.7312,102.1,53.5,54.24,3.6,2019,Low,0.535,,35.1,8.5,40.1,143000,80000,0,223000,2155000000,0.35,81.4,
174,Switzerland,Central Europe,41284,8796669,222.6103,98.6,82.63,86.05,3.7,93525,Very High,0.962,0.4,33.1,4.8,16,19550,0,196450,216000,5000000000,0.01,24.76,
62,Germany,Central Europe,357114,83294633,238.4002,97.4,79.9,84.44,2.9,51073,Very High,0.942,0.41,31.9,3.8,14.8,183500,0,30050,213550,50000000000,1.77,17.17,
169,Spain,Western Europe,505992,47519628,95.1236,96.1,81.35,86.68,5.1,30058,Very High,0.905,0.58,34.7,15.5,20.7,120350,75800,15150,211300,15100000000,0.6,17.27,
171,Sudan,Central Africa,1886068,48109006,25.7543,99.9,63.57,68.7,0.1,453,Low,0.508,1.34,34.2,17.4,46.5,104300,105000,0,209300,2470000000,0.06,62.23,
140,Paraguay,South America,406752,6861524,17.2704,100.8,71.37,76.96,4.2,6035,High,0.717,0.6,45.7,7.5,23.5,13950,14800,164500,193250,250000000,0.02,60.09,
28,Cambodia,SE Asia,181035,16944826,95.9938,98,69.09,73.75,3,1608,Medium,0.593,1.46,,1.2,17.7,124300,67000,0,191300,604000000,0.04,53.36,
143,Poland,Eastern Europe,312679,41026067,134.0152,93.6,74.88,82.26,5.7,17736,Very High,0.876,0.65,30.2,3.2,15.4,114050,75400,0,189450,12000000000,0.81,12.18,
168,South Sudan,Central Africa,619745,11088796,17.5475,98,54.99,57.97,-10.8,400,Low,0.385,,44.1,12.2,76.4,185000,0,0,185000,80000000,,26.65,
88,Jordan,Middle East,89342,11337052,127.6781,107.7,72.91,77.46,2.2,4058,High,0.72,0.47,33.7,16.8,15.7,100500,15000,65000,180500,2600000000,0.07,8.17,
147,Romania,Balkan,238391,19892812,86.4604,93.6,71.73,78.6,5.9,14698,Very High,0.821,0.5,35.8,5,23.8,69300,57000,50000,176300,5050000000,0.21,23.54,
34,Chile,South America,756102,19629590,26.4005,98.5,78.84,83.41,11.7,16265,Very High,0.855,0.62,44.4,11.2,8.6,77200,44700,40000,161900,4250000000,0.24,25.26,
48,Ecuador,South America,276841,18190484,73.2424,99.7,75.51,80.65,4.2,5965,High,0.74,0.41,45.7,6.1,25,40250,500,118000,158750,2500000000,0.09,17.73,
118,Mongolia,Central Asia,1564110,3447157,2.2133,98.5,68.36,77.62,1.4,4510,High,0.739,0.79,32.7,7,28.4,9700,7500,137000,154200,155000000,0.11,3.32,
10,Austria,Central Europe,83871,8958960,108.5671,96.9,80.35,84.72,4.5,53840,Very High,0.916,0.34,30.8,5.4,13.3,22050,0,125600,147650,3380000000,0.18,33.77,
55,Ethiopia,East Africa,1104300,126527060,112.1126,101,63.73,69.75,5.6,825,Low,0.498,,35,2.3,23.5,138000,0,0,138000,350000000,0.05,88.92,
43,DR Congo,Central Africa,2344858,102262808,45.1083,100.8,58.54,62.78,12.3,551,Low,0.479,0.7,42.1,4.5,63.9,134250,0,0,134250,760000000,0.08,96.24,
94,Laos,SE Asia,236800,7633779,33.0753,101.6,67.19,71.46,2.5,2569,Medium,0.607,1.31,38.8,9.4,18.3,29100,100000,0,129100,18500000,0.12,48.43,
5,Angola,East Africa,1246700,36684202,29.425,97.7,60.72,65.77,0.7,2258,Medium,0.586,,51.3,9.6,32.3,107000,10000,0,117000,7000000000,0.06,54.69,
125,Nepal,SE Asia,147181,30896590,215.5325,91.7,68.87,72.68,4.2,1159,Medium,0.602,1.34,32.8,11.4,25.2,96600,15000,0,111600,213000000,0.05,77.39,
178,Tanzania,Eastern Europe,945087,67438106,76.1324,97.7,65.46,69.8,4.3,1136,Low,0.549,1.27,40.5,2.1,26.4,27000,1400,80000,108400,223000000,0.03,85.22,
30,Canada,North America,9984670,38781291,4.3256,98.8,81.07,84.94,4.6,52112,Very High,0.936,0.27,33.3,9.5,11.6,67400,4500,35600,107500,22500000000,1.51,22.11,
69,Guatemala,Central America,108889,18092026,168.8319,98,67.26,73.09,7.5,4883,Medium,0.627,0.84,48.3,2.2,59.3,18050,25000,63850,106900,240000000,0.05,62.92,
7,Argentina,South America,2780400,45773884,16.726,98,74.62,81.26,10.3,10761,Very High,0.842,0.49,42.9,11.5,35.5,72100,31250,0,103350,4200000000,0.49,10.74,
9,Australia,Oceania,7692024,26439111,3.4372,98.6,81.89,85.56,1.5,66916,Very High,0.951,0.31,34.4,6.5,12.4,58600,0,30100,88700,26300000000,1.07,10.13,
74,Honduras,Central America,112492,10593798,94.6805,102,71.03,76.02,12.5,2772,Medium,0.621,0.6,48.2,11,48.3,14950,8000,60000,82950,205000000,0.03,45.96,
158,Serbia,Balkan,88361,7149077,81.7411,92,72.3,78.02,7.4,8643,Very High,0.802,,36.2,9,23.2,28150,3700,50150,82000,907000000,0.22,21.53,
166,South Africa,Southern Africa,1221037,60414495,49.8022,94.7,59.85,65.69,4.9,7055,High,0.713,0.39,63,29.2,55.5,65350,0,15050,80400,4278000000,1.21,10.5,
96,Lebanon,Middle East,10452,5353930,523.3558,94.2,73.96,78.09,-10.5,32252,High,0.706,,31.8,11.3,27.4,60000,20000,0,80000,2500000000,0.07,5.46,
20,Bolivia,South America,1098581,12388571,11.436,100.6,66.2,71.46,6.1,3345,Medium,0.692,0.74,41.6,7.9,37.2,34100,37100,0,71200,660000000,0.06,8.67,
47,Dominican Republic,Caribbean,48671,11332972,234.5885,99.1,71.24,77.72,6.5,8477,High,0.767,0.92,41.9,6.1,21,56050,15000,0,71050,,0,8.05,
89,Kazakhstan,Central Asia,2724900,19606633,7.2625,92.6,66.58,73.9,4,10055,Very High,0.811,0.6,27.8,4.9,4.3,39000,31500,0,70500,4000000000,0.74,1.7,
194,Uzbekistan,Central America,447400,35163944,79.8002,100.1,69.12,74.43,7.4,2032,High,0.727,,35.3,9,14.1,48000,20000,0,68000,975000000,0.25,1.57,
41,Cyprus,Middle East,9251,1260138,136.3786,100.3,80.26,83.81,5.5,32281,Very High,0.896,0.73,32.7,7.6,14.7,15000,750,50000,65750,,0.02,12.05,
116,Moldova,Eastern Europe,33846,3435931,104.4845,90.4,65.05,74.21,13.9,4468,High,0.767,0.52,25.7,3.8,7.3,5150,900,58000,64050,30000000,0.02,22.04,
133,Norway,Scandinivia,323802,5474360,15.0277,101.8,81.91,85.17,3.9,89242,Very High,0.961,0.44,27.6,4.4,12.7,23250,0,40000,63250,7179000000,0.12,62.37,
190,United Arab Emirates,Middle East,83600,9516871,134.0027,228.2,79.02,82.57,-6.1,43295,Very High,0.911,0.73,26,2.2,,63000,0,0,63000,22755000000,0.56,0.67,
76,Hungary,Eastern Europe,93028,10156239,111.2891,92.1,73.76,80.27,7.1,18728,Very High,0.846,0.52,29.6,4.3,12.3,27800,12000,20000,59800,2080000000,0.14,13.64,
44,Denmark,Northern Europe,43094,5910913,147.7728,98.5,80.14,83.92,5.7,68037,Very High,0.948,0.41,28.2,5.6,12.5,14500,0,44000,58500,100000000,0.01,96.24,
188,Uganda,Central Africa,241550,48582334,242.2817,98,61.67,65.92,3.4,930,Low,0.525,1.52,42.8,10.1,21.4,45000,1400,10000,56400,935000000,0.01,90.22,
50,El Salvador,Central America,21041,6364943,307.1884,90.9,68.88,77.55,10.8,4551,Medium,0.675,0.81,38.8,0.1,22.8,24500,17000,9900,51400,167000000,0.02,,
27,Burundi,Central Africa,27834,13238559,515.5202,98.6,60.54,64.45,1.8,311,Low,0.426,1.25,38.6,,64.9,30050,21000,0,51050,,0,84.77,
173,Sweden,Scandinivia,450295,10612086,26.0558,101.5,82.08,85.22,4.8,60730,Very High,0.947,0.51,30,8.3,17.1,29750,21200,0,50950,6327000000,0.12,52.88,
201,Zimbabwe,Western Africa,390757,16665409,43.0798,89.3,59.18,64.32,5.8,1508,Medium,0.593,0.49,50.3,16.9,38.3,29000,21800,0,50800,100000000,3,81.5,
92,Kuwait,Middle East,17818,4310108,241.8691,156.1,79.09,82.91,-8.9,32150,Very High,0.831,0.47,,2.2,,17500,7100,23700,48300,6831000000,0.25,0.06,
184,Tunisia,Northern Africa,163610,12458223,80.1894,97.6,73.86,80.18,3.3,3807,High,0.731,0.77,32.8,15.1,15.2,35800,12000,0,47800,550000000,0.08,12.2,
134,Oman,Middle East,309500,4644384,15.0061,157,77.45,80.77,-3.2,19509,Very High,0.816,,,2.9,,42600,4400,0,47000,8686000000,0.24,0,
126,Netherlands,Central Europe,41850,17618299,523.264,98.8,81.1,84.02,5,57871,Very High,0.941,0.34,28.1,3.8,13.6,35400,5900,4500,45800,12419000000,0.4,8.54,
33,Chad,Central Africa,1284000,18278568,14.516,100.8,52.01,55.41,-1.2,955,Low,0.394,,43.3,1.1,42.3,33250,11900,0,45150,200000000,0,77.79,
186,Turkmenistan,Central Asia,488100,6516100,13.8661,98.2,66.03,73.07,6.3,8508,High,0.745,,40.8,4,,36500,5000,0,41500,200000000,0.22,0.06,
101,Lithuania,Eastern Europe,65300,2718352,43.4103,88.4,72.35,81.16,5,23844,Very High,0.875,0.57,35.7,8.5,20.6,19850,14400,6700,40950,1107000000,0.04,33.53,
199,Yemen,Middle East,527968,34449825,65.2496,102.2,61.23,68.08,-2.1,302,Low,0.455,0.56,36.7,13.5,48.6,40000,0,0,40000,1400000000,3,3.11,
25,Bulgaria,Balkan,110879,6687717,61.6039,94.2,69.55,76.37,4.2,12207,High,0.795,0.49,41.3,5.1,23.8,36950,0,3000,39950,1079000000,0.11,19.34,
39,Croatia,Balkan,56594,4008617,71.6336,94.9,76.61,82.14,10.4,16983,Very High,0.858,,29.7,7.5,18.3,15200,3000,18350,36550,800000000,0.05,31.6,
149,Rwanda,Central Africa,26338,14094683,571.3289,95.7,65.02,69.49,10.9,822,Low,0.534,1.68,43.7,15.3,38.2,33000,2000,0,35000,,0,77.86,
29,Cameroon,East Africa,475442,28647293,60.6023,99.5,60.39,63.47,3.5,1668,Medium,0.576,0.79,46.6,3.5,37.5,25400,9000,0,34400,347000000,0.03,79.41,
16,Belgium,Central Europe,30528,11686140,385.9359,97.6,80.36,84.5,6.2,51166,Very High,0.937,0.45,27.2,5.5,14.8,26300,0,5100,31400,4921000000,0.23,10.21,
90,Kenya,East Africa,580367,55100586,96.8138,98.3,60.95,65.83,7.5,2086,Medium,0.575,0.63,40.8,5,36.1,24100,5000,0,29100,121000000,0.05,68.08,
85,Ivory Coast,Western Africa,322463,28873034,90.7957,102,58.86,61.46,7,2539,Medium,0.55,0.82,41.5,3.3,39.5,27400,0,0,27400,550000000,0.03,62.46,
61,Georgia,Caucaus,69700,3728282,53.6521,88.7,67.56,77.24,10.4,4975,Very High,0.802,,35.9,18.5,19.5,20650,5400,0,26050,327000000,0.03,25.22,
138,Panama,Central America,75417,4468087,60.233,100.1,75.62,81.59,15.3,14618,Very High,0.805,0.6,49.8,18.6,22.1,0,26000,0,26000,500000000,0.03,18.91,
53,Estonia,Eastern Europe,45227,1322765,30.9419,90.2,75.2,83.11,8.3,27991,Very High,0.89,0.63,30.3,6.8,21.7,7100,0,17500,24600,685000000,0.04,31.29,
193,Uruguay,South America,181034,3423108,19.5584,93.9,74.34,81.82,4.4,17313,Very High,0.809,0.46,39.7,10.5,8.8,21000,1400,0,22400,4950000000,0.02,60.76,
95,Latvia,Eastern Europe,64559,1830211,29.4104,86.3,71.66,80.2,4.5,21267,Very High,0.863,0.54,35.1,8.1,22.9,6210,0,15900,22110,724000000,0.02,41.52,
42,Czech Republic,Central Europe,78865,10495295,135.9521,97,71.1,76.3,3.3,,Very High,0.889,0.58,25,2.5,10.1,21750,0,0,21750,2969000000,0.26,15.85,
104,Madagascar,Southern Africa,587041,30325732,52.124,100.5,64.13,68.84,4.4,500,Low,0.501,,42.6,1.8,70.7,13500,8100,0,21600,115000000,0.01,82.77,
145,Qatar,Middle East,11586,2716391,236.4135,266,80.81,83.25,1.5,66799,Very High,0.855,0.39,,0.1,,16500,5000,0,21500,6000000000,0.28,0.04,
112,Mauritania,Western Africa,1030700,4862989,4.7181,96,63.64,67.33,2.3,2166,Medium,0.556,1.09,32.6,10.3,31,15850,5000,0,20850,50250000,0.01,24.7,
108,Mali,Western Africa,1240192,23293698,19.0902,102,58.7,61.41,3.1,875,Low,0.428,1.92,33,1.6,42.1,13000,7800,0,20800,70000000,0.01,76.64,
132,North Macedonia,Balkan,25713,2085679,82.6994,99.4,73.1,77.47,4,6600,High,0.77,,33,17.2,21.6,8000,7600,4850,20450,108150000,0.02,16.32,
93,Kyrgyzstan,Central Asia,199951,6735347,35.1165,96.5,66.88,75.5,3.6,1339,Medium,0.692,0.26,29.7,4.5,20.1,10900,9500,0,20400,20000000,0.03,27.88,
165,Somalia,Eastern Europe,637657,18143378,28.9211,100.5,55.32,59.47,3.3,447,not rated,,,36.8,,,19800,0,0,19800,62200000,0,95.03,
200,Zambia,Central Asia,752612,20569737,27.6702,97.4,60.19,65.66,3.6,1095,Medium,0.565,1.02,57.1,12.5,54.4,15100,1400,3000,19500,40000000,,84.5,
12,Bahrain,Middle East,765,1485509,1892.3682,163.8,79.68,81.92,2.2,26563,Very High,0.875,0.53,,1.2,,8200,11260,0,19460,1415000000,0.01,0,
157,Senegal,Western Africa,196722,17763163,92.2618,96.7,66.71,71.75,6.1,1637,Low,0.511,1.02,40.3,2.9,46.7,13600,5000,0,18600,,0.03,37.2,
177,Tajikistan,Central Asia,143100,10143543,73.0855,101.3,69.3,73.69,9.2,897,Medium,0.685,0.28,34,6.9,26.3,8800,7500,0,16300,1600000000,0.03,38.56,
123,Namibia,Southern Africa,825615,2604172,3.1631,93.3,55.98,63.13,2.4,4836,Medium,0.615,0.19,59.1,19.9,17.4,9900,6000,0,15900,505000000,0.01,30.69,
162,Slovakia,Central Europe,49037,5795199,118.1849,95.4,75.04,81.59,3,21390,Very High,0.848,0.66,,6.7,,15850,0,0,15850,2122000000,0.09,17.64,
63,Ghana,Western Africa,238533,34121985,149.965,99.5,62.37,66.72,5.4,2409,Medium,0.632,1.03,43.5,4.2,23.4,15500,0,0,15500,710000000,0.05,41.8,
105,Malawi,East Africa,118484,20931751,222.0169,94.6,60.24,67.15,2.8,613,Low,0.512,1.71,44.7,1.3,51.5,10700,4200,0,14900,,0,73.02,
163,Slovenia,Balkan,20273,2119675,105.2658,101,79.86,84.75,8.1,29135,Very High,0.918,,24.6,5,12,7250,5950,1500,14700,581000000,0.04,20.86,
82,Ireland,Northern Europe,70273,5056935,73.4059,98.2,81.21,84.54,13.5,101109,Very High,0.945,0.81,31.4,5.6,13.1,9500,0,4050,13550,870000000,0.09,12.34,
45,Djibouti,East Africa,23200,1136455,49.0274,99,61.22,66.3,4.7,3348,Low,0.509,,41.6,26.1,21.1,10450,2650,0,13100,4760000000,0.07,37.52,
119,Montenegro,Balkan,13812,626485,46.5788,95,74.61,80.82,12.4,9252,Very High,0.832,,38.5,17.9,24.5,2350,10100,0,12450,65000000,,38.74,
70,Guinea,Western Africa,245857,14190612,57.7511,97.7,58.18,60.83,3.1,1185,Low,0.465,1.78,33.7,5,43.7,9700,2600,0,12300,,0.01,65.44,
18,Benin,Western Africa,112622,13712828,121.6107,100.3,58.77,62.16,6.6,1361,Low,0.525,1.23,47.8,1.5,38.5,7250,4800,0,12050,,0.02,46.47,
128,Nicaragua,Central America,130373,7046310,58.5533,97.1,71.79,77.74,10.3,2046,Medium,0.667,1,46.2,5.2,24.9,12000,0,0,12000,140000000,0.01,50.71,
146,Republic of the Congo,Central Africa,342000,6106869,17.8825,,61.69,64.86,-3.5,2200,Medium,0.571,0.29,48.9,10,40.9,10000,2000,0,12000,715000000,0.02,68.67,
26,Burkina Faso,Western Africa,272967,23251485,84.9835,99.3,58.67,62.39,6.9,893,Low,0.449,,35.3,4.7,41.4,11200,250,0,11450,130000000,0.01,64.85,
127,New Zealand,Oceania,270467,5228100,19.8553,98.3,81.43,84.84,4.6,48824,Very High,0.937,0.49,,4.6,,9000,0,2300,11300,4300000000,0.09,29.65,
121,Mozambique,East Africa,801590,33897354,43.1056,96.3,59.48,65.15,2.2,492,Low,0.446,2.05,54,3.4,46.1,11200,0,0,11200,245000000,0.03,78.08,
129,Niger,Western Africa,1267000,27202843,21.4754,102.9,61.65,64.25,1.4,591,Low,0.4,2.01,34.3,7.8,40.8,5300,5400,0,10700,,0.01,80.83,
21,Bosnia and Herzegovina,Balkan,51209,3210847,62.7119,97,74.05,78.3,7.1,7143,High,0.78,,33,15.9,16.9,10500,0,0,10500,165000000,0.07,37.02,
32,Central African Republic,Central Africa,622984,5742315,9.2175,100,53.38,57.68,0.9,461,Low,0.404,0.58,56.2,,62,9150,1000,0,10150,20000000,0,91.26,
38,Costa Rica,Central america,51100,5212173,102.0794,100.1,77.92,82.66,7.6,12472,Very High,0.809,0.66,48.2,17.4,21,0,9800,0,9800,,0.02,35.79,
181,Togo,Western Africa,56785,9053799,166.4607,101.1,61.14,62.49,5.3,944,Low,0.539,0.89,43.1,3.7,55.1,8550,750,0,9300,,0.01,76.21,
22,Botswana,Central Africa,582000,2675352,4.7207,97.5,63.45,68.56,11.4,6805,Medium,0.693,0.54,53.3,24.9,19.3,9000,0,0,9000,450000000,0.02,25.57,
160,Sierra Leone,Western Africa,71740,8791092,121.794,100.4,59.46,62.11,3.1,505,Low,0.477,1.38,35.7,3.2,56.8,8500,0,0,8500,75500000,0,75.44,
24,Brunei,SE Asia,5765,452524,85.8679,107.2,72.49,76.78,-1.6,31449,Very High,0.829,0.24,,,,7200,450,700,8350,,0.02,0.01,
2,Albania,Balkan,28748,2832439,103.3737,99.8,75.83,80.54,8.5,6396,High,0.796,0.67,33.2,11.7,14.3,8000,0,0,8000,250000000,0.01,40.2,
59,Gabon,Central Africa,267668,2436566,9.4561,103.8,63.87,68.76,1.5,7911,High,0.706,0.47,38,20.4,33.4,4700,2000,0,6700,83000000,0.02,89.88,
86,Jamaica,Caribbean,10991,2825544,260.8997,98.5,70.14,74.6,4.6,5184,High,0.709,0.24,45.5,6.5,19.9,3950,0,980,4930,,0.02,9.09,
71,Guinea-Bissau,Western Africa,36125,2150842,76.488,97.5,,,3.8,759,,,,50.7,,69.3,4450,0,0,4450,,0,86.24,
72,Guyana,South America,214969,813834,4.1343,95.8,66.36,73.33,19.9,9026,High,0.714,1.1,45.1,3.2,,3400,0,670,4070,,0,11.35,
183,Trinidad and Tobago,Caribbean,5130,1534937,299.208,97.4,71.48,78.31,-1,16033,Very High,0.81,0.66,40.3,3.2,,4050,0,0,4050,,,0.34,
139,Papua New Guinea,Oceania,462840,10329931,22.8104,106.8,63.51,69.34,1.5,2673,Medium,0.558,1.33,41.9,2.6,39.9,3600,0,0,3600,,0.02,53.09,
113,Mauritius,East Africa,2040,1300557,640.6685,97.4,72.77,78.73,4,8873,Very High,0.802,0.8,36.8,6.3,10.3,0,2550,0,2550,,0.01,8.94,
17,Belize,Central America,22966,410825,18.0107,101.2,71.7,77.89,9.8,6229,Medium,0.683,0.46,53.3,9.1,,1500,150,700,2350,,0,29.09,
109,Malta,Mediterannean,316,535064,1672.075,108.4,81.81,85.83,9.4,33642,Very High,0.918,0.74,28.7,4.3,17.1,1950,0,180,2130,,0,7.7,
98,Liberia,Western Africa,111369,5418377,56.2539,99.1,60.73,63.34,4,471,Low,0.481,,35.3,3.1,50.9,2010,0,0,2010,13000000,0,87.24,
97,Lesotho,Southern Africa,30355,2330318,76.7562,97.4,52.12,57.82,1,1040,Low,0.514,0.23,44.9,22.4,49.7,2000,0,0,2000,,0,39.47,
172,Suriname,South America,163820,623236,3.9951,99.3,69.42,76.25,-3.5,5259,High,0.73,,57.9,7.9,,1840,0,0,1840,63000000,0,14.4,
102,Luxembourg,Central Europe,2586,654768,254.3282,101.3,80.64,84.89,6.9,133745,Very High,0.93,0.54,35.4,6.8,17.5,900,600,0,1500,,0.02,16.45,
51,Equatorial Guinea,Central Africa,28051,1714671,61.1291,112,60.23,64.01,-0.9,7605,Medium,0.596,,,25,76.8,1450,0,0,1450,,0.01,6.48,
31,Cape Verde,Western Africa,4033,598682,148.4458,98.9,72.57,80.9,,3293,Medium,0.662,,,,,1200,0,0,1200,,0,,
14,Barbados,Caribbean,430,281995,655.8023,92.1,75.83,79.74,1.4,17225,High,0.79,0.28,,8.4,,610,0,430,1040,,0,4.31,
60,Gambia,Western Africa,10689,2773168,274.0285,99,62.62,65.63,5.6,772,Low,0.5,1.22,35.9,10.2,48.6,800,0,0,800,,0,49.24,
159,Seychelles,East Africa,452,107660,234.0435,111.4,71.31,79.36,1.8,12085,High,0.785,,32.1,4.3,25.3,420,0,0,420,,0,,
6,Antigua and Barbuda,Caribbean,442,94298,214.3136,91.4,76.71,81.8,5.3,15246,High,0.788,,,8.4,,180,0,80,260,,0,0.91,
77,Iceland,Northern Europe,103000,375318,3.7223,105.2,81.55,84.41,3.7,69133,Very High,0.959,0.54,26.1,5.5,8.8,0,250,0,250,,0.01,81.07,
73,Haiti,Caribbean,27750,11724763,425.4268,98.2,61.81,67.82,-1.8,1664,Low,0.535,0.71,41.1,14.1,58.5,150,50,0,200,,0.01,76.4,
4,Andorra,Western Europe,468,80088,170.4,104.4,81.6,85.97,8.9,42066,Very High,0.858,,,,,,,,,,,18.4,
19,Bhutan,SE Asia,38394,787424,20.6456,112.5,70.8,74.45,-10.1,3063,Medium,0.666,,37.4,2.5,8.2,,,,,25120000,0,82.27,
37,Comoros,East Africa,1862,852075,457.8587,100.9,62.91,67.35,2.3,1631,Medium,0.558,,45.3,8.1,42.4,,,,,,0,53.43,
46,Dominica,Caribbean,751,73040,97.3867,98.6,70.95,77.78,4.3,7571,High,0.72,0.47,,11,,,,,,,0,27.92,
54,Eswatini,South africa,17364,1210822,70.3966,98.6,53.97,61.86,7.4,3969,Medium,0.597,,54.6,22.7,58.9,,,,,,0,65.95,
56,Faroe Islands,Northern Europe,1393,53270,38.9971,107.3,77.49,80.86,,,,,,,3.7,,,,,,,0,5.4,
65,Greenland,North America,2166086,56643,0.138,111,70.23,76.09,0.4,58185,,,,,9.1,,,,,,,0,12.6,
66,Grenada,Caribbean,344,126183,371.1265,100.2,72.74,78.45,5.3,8950,High,0.795,,,22.9,,,,,,,0,10.37,
67,Guadeloupe,Caribbean,1628,395839,243.1443,82.7,79.68,86.43,,,,,,,,,,,,,,0,,
68,Guam,Oceania,549,172952,320.2815,101.4,75.06,82.2,-11.9,,,,,,5.4,,,,,,,,3.02,
75,Hong Kong,SE Asia,1104,7491609,7134.8657,85.6,83,88.66,6.4,49259,Very High,0.952,0.61,,5.8,,,,,,,0.09,0.23,
91,Kiribati,Oceania,811,133515,164.8333,94.8,65.88,69.59,-0.5,1765,Medium,0.624,,37,8.6,21.8,,,,,,0,,
99,Libya,Northern Europe,1759540,6888388,3.9149,102.5,70.23,76.54,31.4,5791,High,0.718,0.24,,19,,,,,,3000000000,0.15,2.8,
100,Liechtenstein,Central Europe,160,39584,247.4,98.3,83.16,86.23,-1.2,169260,Very High,0.935,,,2,,,,,,,,56.13,
103,Macau,SE Asia,32.9,704149,21402.7052,88.5,82.88,88.11,18,43555,,,,,2.6,,,,,,,0.01,,
107,Maldives,SE Asia,300,521021,1736.7367,136.3,80.3,82.06,31,10366,High,0.747,,31.3,5.3,8.2,,,,,,0,1.11,
110,Marshall Islands,Oceania,181,41996,233.3111,104.4,63.65,67.25,-2.5,6111,Medium,0.639,,,6.4,,,,,,,,11.7,
111,Martinique,Caribbean,1128,366981,325.3378,85.4,80.44,86.09,,,,,,,,,,,,,,0,,
115,Micronesia,Oceania,702,115224,164.6057,101.2,67.72,75.18,-3.2,3573,Medium,0.628,,40.1,8.9,41.2,,,,,,,1.78,
117,Monaco,Mediterannean,2.02,36297,18148.5,96.1,85.17,88.99,-11.8,234317,not rated,,,,6.3,,,,,,,,,
124,Nauru,Oceania,21,12780,639,103.4,60.67,68.01,1.5,12390,not rated,,,34.8,13.3,,,,,,,,0.61,
136,Palau,Oceania,459,18058,39.2565,108.5,62.36,69.5,-9.7,12084,High,0.767,,,1.4,24.9,,,,,,0,0.29,
137,Palestine,Middle East,6220,5371230,892.2309,99.5,71.91,76.67,7.1,3514,High,0.715,,33.7,,29.2,,,,,,,13.86,
150,Saint Kitts and Nevis,Caribbean,261,47755,183.6731,93.6,68.81,75.82,-1,18083,High,0.777,,,5.1,,,,,,,0,1.58,
151,Saint Lucia,Caribbean,616,180251,295.4934,98,70.74,77.68,6.6,9824,High,0.715,0.11,51.2,15.3,25,,,,,,0,,
152,Saint Vincent and the Grenadines,Caribbean,389,103698,265.8923,104.1,,,0.7,8440,,,,,18.8,,,,,,,0,5.68,
153,Samoa,Oceania,2842,225681,81.1802,104,70.28,75.5,-8.1,3919,High,0.707,,38.7,14.5,20.3,,,,,,0,34.21,
154,San Marino,Mediterannean,61,33642,560.7,94.8,82.21,84.85,-6.6,50425,Very High,0.853,,,5.8,,,,,,,,,
155,Sao Tome and Principe,Central Africa,964,231856,241.5167,99.6,66.13,72.04,1.8,2486,Medium,0.618,0.78,56.3,13.6,66.7,,,,,,0,37.09,
164,Solomon Islands,Oceania,28896,740424,26.4532,104.5,69.38,72.51,-0.2,2306,Medium,0.564,,37.1,0.7,12.7,,,,,,0,48.39,
180,Timor-Leste,SE Asia,14874,1360596,91.4994,104.1,,,4.4,1517,,,,28.7,4.7,41.8,,,,,,0,11.67,
182,Tonga,Oceania,747,107773,149.6847,97.9,68.68,74.28,0.7,4451,High,0.745,0.47,37.6,3.1,22.5,,,,,,0,1.77,
187,Tuvalu,Oceania,26,11396,379.8667,105.6,61.32,69.57,3,5370,Medium,0.641,0.44,39.1,8.5,26.3,,,,,,,8.2,
195,Vanuatu,Oceania,12189,334506,27.441,101.2,68.48,73.27,0.5,3073,Medium,0.607,,37.6,7.9,12.7,,,,,,0,,
196,Vatican City,Mediterannean,0.44,518,1177.2727,,82.17,86.03,,,,,,,,,,,,,,,,